--
-- Script was generated by Devart dbForge Studio 2020 for MySQL, Version 9.0.338.0
-- Product home page: http://www.devart.com/dbforge/mysql/studio
-- Script date 11/15/2022 9:24:30 PM
-- Server version: 8.0.30
-- Client version: 4.1
--

-- 
-- Disable foreign keys
-- 
/*!40014 SET @OLD_FOREIGN_KEY_CHECKS=@@FOREIGN_KEY_CHECKS, FOREIGN_KEY_CHECKS=0 */;

-- 
-- Set SQL mode
-- 
/*!40101 SET @OLD_SQL_MODE=@@SQL_MODE, SQL_MODE='NO_AUTO_VALUE_ON_ZERO' */;

-- 
-- Set character set the client will use to send SQL statements to the server
--
SET NAMES 'utf8';

--
-- Set default database
--
USE cnpm_user;

--
-- Drop function `Func_update_code`
--
DROP FUNCTION IF EXISTS Func_update_code;

--
-- Drop procedure `Proc_GetNewUserCode`
--
DROP PROCEDURE IF EXISTS Proc_GetNewUserCode;

--
-- Drop procedure `Proc_InsertUser`
--
DROP PROCEDURE IF EXISTS Proc_InsertUser;

--
-- Drop procedure `Proc_UpdateUser`
--
DROP PROCEDURE IF EXISTS Proc_UpdateUser;

--
-- Drop procedure `Proc_GetFilterUser`
--
DROP PROCEDURE IF EXISTS Proc_GetFilterUser;

--
-- Drop procedure `Proc_InsertUserRole`
--
DROP PROCEDURE IF EXISTS Proc_InsertUserRole;

--
-- Drop table `userrole`
--
DROP TABLE IF EXISTS userrole;

--
-- Drop table `role`
--
DROP TABLE IF EXISTS role;

--
-- Drop table `user`
--
DROP TABLE IF EXISTS user;

--
-- Drop table `department`
--
DROP TABLE IF EXISTS department;

--
-- Drop table `jobpositions`
--
DROP TABLE IF EXISTS jobpositions;

--
-- Set default database
--
USE cnpm_user;

--
-- Create table `jobpositions`
--
CREATE TABLE jobpositions (
  JobPositionID char(36) NOT NULL DEFAULT '' COMMENT 'Khoa Chinh',
  JobPositionCode varchar(20) NOT NULL DEFAULT '' COMMENT 'Ma vi tri cong viec',
  JobPositionName varchar(255) NOT NULL DEFAULT '' COMMENT 'Ten vi tri cong viec',
  CreateBy varchar(100) DEFAULT NULL COMMENT 'Nguoi tao',
  CreateDate datetime DEFAULT NULL COMMENT 'Ngay tao',
  ModifiedBy varchar(100) DEFAULT NULL COMMENT 'Nguoi sua',
  ModifiedDate datetime DEFAULT NULL COMMENT 'Ngay sua',
  PRIMARY KEY (JobPositionID)
)
ENGINE = INNODB,
AVG_ROW_LENGTH = 4096,
CHARACTER SET utf8mb3,
COLLATE utf8mb3_general_ci,
COMMENT = 'Vi tri cong viec - CreateBy: DMViet';

--
-- Create index `UK_jobposition_JobPositionCode` on table `jobpositions`
--
ALTER TABLE jobpositions
ADD UNIQUE INDEX UK_jobposition_JobPositionCode (JobPositionCode);

--
-- Create table `department`
--
CREATE TABLE department (
  DepartmentID char(36) CHARACTER SET utf8mb3 COLLATE utf8mb3_general_ci NOT NULL DEFAULT '' COMMENT 'Khoa chinh',
  DepartmentCode varchar(20) CHARACTER SET utf8mb3 COLLATE utf8mb3_general_ci NOT NULL DEFAULT '' COMMENT 'Ma phong ban',
  DepartmentName varchar(255) CHARACTER SET utf8mb3 COLLATE utf8mb3_general_ci NOT NULL DEFAULT '' COMMENT 'Ten phong ban',
  CreateBy varchar(100) CHARACTER SET utf8mb3 COLLATE utf8mb3_general_ci DEFAULT NULL COMMENT 'Nguoi tao',
  CreateDate datetime DEFAULT NULL COMMENT 'Ngay tao',
  ModifiedBy varchar(100) CHARACTER SET utf8mb3 COLLATE utf8mb3_general_ci DEFAULT NULL COMMENT 'Nguoi sua',
  ModifiedDate datetime DEFAULT NULL COMMENT 'Ngay sua',
  PRIMARY KEY (DepartmentID)
)
ENGINE = INNODB,
AVG_ROW_LENGTH = 4096,
CHARACTER SET utf8mb4,
COLLATE utf8mb4_0900_ai_ci,
COMMENT = 'Phong ban - CreateBy: DMViet';

--
-- Create index `UK_department_DepartmentCode` on table `department`
--
ALTER TABLE department
ADD UNIQUE INDEX UK_department_DepartmentCode (DepartmentCode);

--
-- Create table `user`
--
CREATE TABLE user (
  UserID char(36) NOT NULL DEFAULT '' COMMENT 'Khoa chinh',
  UserCode varchar(20) DEFAULT '' COMMENT 'Ma nguoi dung',
  UserName varchar(100) NOT NULL DEFAULT '' COMMENT 'Ten nguoi dung',
  DepartmentID char(36) NOT NULL DEFAULT '' COMMENT 'ID phong ban',
  JobPositionID char(36) NOT NULL DEFAULT '' COMMENT 'ID vi tri cong viec',
  Email varchar(100) NOT NULL DEFAULT '' COMMENT 'Email nguoi dung',
  RoleName text NOT NULL COMMENT 'Danh sach vai tro ',
  UserStatus int NOT NULL COMMENT 'Trang thai nguoi dung',
  CreateBy varchar(100) DEFAULT NULL COMMENT 'Nguoi tao',
  CreateDate datetime DEFAULT NULL COMMENT 'Ngay tao',
  ModifiedBy varchar(100) DEFAULT NULL COMMENT 'Nguoi sua',
  ModifiedDate datetime DEFAULT NULL COMMENT 'Ngay sua',
  PRIMARY KEY (UserID)
)
ENGINE = INNODB,
AVG_ROW_LENGTH = 428,
CHARACTER SET utf8mb3,
COLLATE utf8mb3_general_ci,
COMMENT = 'nguoi dung - CreateBy: DMViet';

--
-- Create index `UK_user_UserCode` on table `user`
--
ALTER TABLE user
ADD UNIQUE INDEX UK_user_UserCode (UserCode);

--
-- Create foreign key
--
ALTER TABLE user
ADD CONSTRAINT FK_user_DepartmentID FOREIGN KEY (DepartmentID)
REFERENCES department (DepartmentID);

--
-- Create foreign key
--
ALTER TABLE user
ADD CONSTRAINT FK_user_JobPositionID FOREIGN KEY (JobPositionID)
REFERENCES jobpositions (JobPositionID);

--
-- Create table `role`
--
CREATE TABLE role (
  RoleID char(36) NOT NULL DEFAULT '' COMMENT 'Khoa chinh',
  RoleDescription varchar(100) NOT NULL DEFAULT '' COMMENT 'Ten vai tro',
  CreateBy varchar(100) DEFAULT NULL COMMENT 'Nguoi tao',
  CreateDate datetime DEFAULT NULL COMMENT 'Ngay tao',
  ModifiedBy varchar(100) DEFAULT NULL COMMENT 'Nguoi sua',
  ModifiedDate datetime DEFAULT NULL COMMENT 'Ngay sua',
  PRIMARY KEY (RoleID)
)
ENGINE = INNODB,
AVG_ROW_LENGTH = 5461,
CHARACTER SET utf8mb3,
COLLATE utf8mb3_general_ci,
COMMENT = 'vai tro - CreateBy: DMViet';

--
-- Create index `UK_role_RoleName` on table `role`
--
ALTER TABLE role
ADD UNIQUE INDEX UK_role_RoleName (RoleDescription);

--
-- Create table `userrole`
--
CREATE TABLE userrole (
  UserID char(36) NOT NULL DEFAULT '' COMMENT 'ID nguoi dung ',
  RoleID char(36) NOT NULL DEFAULT '' COMMENT 'ID vai tro',
  CreatedBy varchar(100) DEFAULT NULL COMMENT 'Nguoi tao',
  CreatedDate datetime DEFAULT NULL COMMENT 'Ngay tao',
  ModifiedBy varchar(100) DEFAULT NULL COMMENT 'Nguoi sua',
  ModifiedDate datetime DEFAULT NULL COMMENT 'Ngay tao',
  PRIMARY KEY (UserID, RoleID)
)
ENGINE = INNODB,
AVG_ROW_LENGTH = 3276,
CHARACTER SET utf8mb3,
COLLATE utf8mb3_general_ci,
COMMENT = 'vai tro nguoi dung - CreateBy: DMViet';

--
-- Create foreign key
--
ALTER TABLE userrole
ADD CONSTRAINT FK_userrole_RoleID FOREIGN KEY (RoleID)
REFERENCES role (RoleID);

--
-- Create foreign key
--
ALTER TABLE userrole
ADD CONSTRAINT FK_userrole_UserID FOREIGN KEY (UserID)
REFERENCES user (UserID) ON DELETE CASCADE;

DELIMITER $$

--
-- Create procedure `Proc_InsertUserRole`
--
CREATE DEFINER = 'root'@'localhost'
PROCEDURE Proc_InsertUserRole (IN UserID char(36), IN RoleID char(36))
COMMENT 'dmviet thêm mới người dùng - user'
BEGIN
  INSERT INTO userrole (UserID, RoleID, CreatedBy, CreatedDate, ModifiedBy, ModifiedDate)
    VALUES (UserID, RoleID, 'dmviet', NOW(), 'dmviet', NOW());
END
$$

--
-- Create procedure `Proc_GetFilterUser`
--
CREATE DEFINER = 'root'@'localhost'
PROCEDURE Proc_GetFilterUser (IN pageSize int, IN pageNumber int, IN keyword varchar(255), IN RoleID char(36), OUT TotalPage int, OUT TotalRecord int, OUT PageStart int, OUT PageEnd int)
COMMENT 'dmviet lấy ra dữ liệu user'
BEGIN
  DROP TEMPORARY TABLE IF EXISTS tmp_temp, tmp_temp2, tmp_result;
  -- Trường hợp không lọc theo từ kháo, vai trò
  IF keyword IS NULL
    && RoleID IS NULL THEN
    CREATE TEMPORARY TABLE tmp_temp
    SELECT
      ROW_NUMBER() OVER (
      ORDER BY u.CreateDate DESC) STT,
      u.*
    FROM user u;
  ELSEIF keyword IS NOT NULL
    && RoleID IS NULL THEN
    CREATE TEMPORARY TABLE tmp_temp
    SELECT
      ROW_NUMBER() OVER (
      ORDER BY u.CreateDate DESC) STT,
      u.*
    FROM user u
    WHERE u.UserCode LIKE CONCAT('%', keyword, '%')
    OR u.UserName LIKE CONCAT('%', keyword, '%');
  ELSEIF keyword IS NULL
    && RoleID IS NOT NULL THEN
    CREATE TEMPORARY TABLE tmp_temp
    SELECT
      ROW_NUMBER() OVER (
      ORDER BY u.CreateDate DESC) STT,
      u.*
    FROM user u
    WHERE u.UserID IN (SELECT
        ur.UserID
      FROM userrole ur
      WHERE ur.RoleID = RoleID);
  ELSE
    CREATE TEMPORARY TABLE tmp_temp
    SELECT
      ROW_NUMBER() OVER (
      ORDER BY u.CreateDate DESC) STT,
      u.*
    FROM user u
    WHERE (u.UserCode LIKE CONCAT('%', keyword, '%')
    OR u.UserName LIKE CONCAT('%', keyword, '%'))
    AND u.UserID IN (SELECT
        ur.UserID
      FROM userrole ur
      WHERE ur.RoleID = RoleID);
  END IF;

  CREATE TEMPORARY TABLE tmp_temp2
  SELECT
    tt.*
  FROM tmp_temp tt
  WHERE tt.STT BETWEEN ((pageNumber - 1) * pageSize + 1) AND (pageNumber * pageSize);

  CREATE TEMPORARY TABLE tmp_result
  SELECT
    tt2.*,
    d.DepartmentName,
    j.JobPositionName
  FROM tmp_temp2 tt2
    JOIN department d
      ON tt2.DepartmentID = d.DepartmentID
    JOIN jobpositions j
      ON tt2.JobPositionID = j.JobPositionID;


  -- Lấy ra tổng số bản ghi 
  SET TotalRecord = (SELECT
      COUNT(*)
    FROM tmp_temp);
  -- Số trang bắt đầu
  SET PageStart = (pageNumber - 1) * pageSize + 1;
  -- Số trang kết thúc
  SET PageEnd = pageNumber * pageSize;
  -- Tính tổng số trang: Tổng số bản ghi % cho số bản ghi trên trang
  SET @div = TotalRecord % pageSize;
  IF @div = 0 THEN
    SET TotalPage = TotalRecord / pageSize;
  ELSE
    SET TotalPage = (TotalRecord / pageSize) + 1;
  END IF;
  -- Lấy ra danh sách
  SELECT
    *
  FROM tmp_result;
  SELECT
    TotalRecord;
  SELECT
    TotalPage;
  SELECT
    PageStart;
  SELECT
    PageEnd;

END
$$

--
-- Create procedure `Proc_UpdateUser`
--
CREATE DEFINER = 'root'@'localhost'
PROCEDURE Proc_UpdateUser (IN UserID char(36), IN RoleName text)
COMMENT 'dmviet cập nhật user'
BEGIN
  UPDATE user u
  SET RoleName = RoleName,
      ModifiedBy = 'dmviet',
      ModifiedDate = NOW()
  WHERE u.UserID = UserID;
END
$$

--
-- Create procedure `Proc_InsertUser`
--
CREATE DEFINER = 'root'@'localhost'
PROCEDURE Proc_InsertUser (IN UserCode varchar(20), IN UserName varchar(100), IN DepartmentID char(36), IN JobPositionID char(36), IN Email varchar(100), IN UserStatus int, IN RoleName text, IN UserID char(36))
COMMENT 'dmviet thêm mới user'
BEGIN
  INSERT INTO USER (UserID, UserCode, UserName, DepartmentID, JobPositionID, Email, RoleName, UserStatus, CreateBy, CreateDate, ModifiedBy, ModifiedDate)
    VALUES (UserID, UserCode, UserName, DepartmentID, JobPositionID, Email, RoleName, UserStatus, 'dmviet', NOW(), 'dmviet', NOW());
END
$$

--
-- Create procedure `Proc_GetNewUserCode`
--
CREATE DEFINER = 'root'@'localhost'
PROCEDURE Proc_GetNewUserCode (IN UserCode varchar(20))
COMMENT 'dmviet Lấy mã user code mới'
BEGIN
  -- Kiểm tra xem trong cơ sở dữ liệu đã có user nào hay chưa => Nếu chưa => mã code mới NV-0001
  SET @dem = (SELECT
      COUNT(u.UserID)
    FROM user u);
  IF (@dem <= 0) THEN
    SET UserCode = 'MS-0001';
  ELSE
    -- tiền tố mã code
    SET @preCode = 'MS-';
    -- Cắt chuỗi NV- 
    SET @curSuffixCode = (SELECT
        SUBSTRING((SELECT
            MAX(u.UserCode)
          FROM user u), 4));
    -- Nếu curSuffixCode < 9 mã code có dạng NV-000
    IF (@curSuffixCode < 9) THEN
      SET @newSuffixCode = @curSuffixCode + 1;
      SET UserCode = (SELECT
          CONCAT(@preCode, '000', @curSuffixCode + 1));
    ELSEIF (@curSuffixCode >= 9
      && @curSuffixCode < 99) THEN
      SET UserCode = (SELECT
          CONCAT(@preCode, '00', @curSuffixCode + 1));
    ELSEIF (@curSuffixCode >= 99
      && @curSuffixCode < 999) THEN
      SET UserCode = (SELECT
          CONCAT(@preCode, '0', @curSuffixCode + 1));
    ELSE
      SET UserCode = (SELECT
          CONCAT(@preCode, @curSuffixCode + 1));
    END IF;
  END IF;
  SELECT
    UserCode;
END
$$

--
-- Create function `Func_update_code`
--
CREATE DEFINER = 'root'@'localhost'
FUNCTION Func_update_code ()
RETURNS varchar(20) CHARSET utf8mb3
DETERMINISTIC
BEGIN
  SET @hasCode = (SELECT
      COUNT(u.UserCode)
    FROM user u);
  IF (@hasCode = 0) THEN
    RETURN 'MS-0001';
  ELSE
    -- tiền tố mã code
    SET @preCode = 'MS-';
    -- Cắt chuỗi NV- 
    SET @curSuffixCode = (SELECT
        SUBSTRING((SELECT
            MAX(u.UserCode)
          FROM user u), 4));
    -- Nếu curSuffixCode < 9 mã code có dạng NV-000
    IF (@curSuffixCode < 9) THEN
      SET @newSuffixCode = @curSuffixCode + 1;
      SET @UserCode = (SELECT
          CONCAT(@preCode, '000', @curSuffixCode + 1));
    ELSEIF (@curSuffixCode >= 9
      && @curSuffixCode < 99) THEN
      SET @UserCode = (SELECT
          CONCAT(@preCode, '00', @curSuffixCode + 1));
    ELSEIF (@curSuffixCode >= 99
      && @curSuffixCode < 999) THEN
      SET @UserCode = (SELECT
          CONCAT(@preCode, '0', @curSuffixCode + 1));
    ELSE
      SET @UserCode = (SELECT
          CONCAT(@preCode, @curSuffixCode + 1));
    END IF;
    RETURN @UserCode;
  END IF;
END
$$

DELIMITER ;

-- 
-- Dumping data for table jobpositions
--
INSERT INTO jobpositions VALUES
('3304dddb-1b72-607f-25c2-579daad24557', 'VT-0638', ' Lập trình viên ', NULL, NULL, NULL, NULL),
('506acf1e-5331-67a9-0d77-d9ebc53aac3d', 'VT-8739', 'HR ', NULL, NULL, NULL, NULL),
('57cdf8c4-47e3-5560-7e41-c1ec321fe728', 'VT-6148', ' Tester ', NULL, NULL, NULL, NULL),
('6c80a684-1cb5-41af-ff34-60b3ebf808a9', 'VT-3386', ' BA', NULL, NULL, NULL, NULL);

-- 
-- Dumping data for table department
--
INSERT INTO department VALUES
('142cb08f-7c31-21fa-8e90-67245e8b283e', 'PB-0460', 'Khối an toàn thông tin', NULL, NULL, NULL, NULL),
('17120d02-6ab5-3e43-18cb-66948daf6128', 'PB-9483', 'Khối kinh doanh', NULL, NULL, NULL, NULL),
('469b3ece-744a-45d5-957d-e8c757976496', 'PB-5222', 'Khối chăm sóc khách hàng', NULL, NULL, NULL, NULL),
('4e272fc4-7875-78d6-7d32-6a1673ffca7c', 'PB-2675', 'Khối an toàn thông tin', NULL, NULL, NULL, NULL);

-- 
-- Dumping data for table user
--
INSERT INTO user VALUES
('118a2f72-155f-22a8-a10b-87ae14180c33', 'MS-0001', 'Hilario Huskey', '4e272fc4-7875-78d6-7d32-6a1673ffca7c', '3304dddb-1b72-607f-25c2-579daad24557', 'Judy.YAlderman@nowhere.com', 'Nhân sự', 2, NULL, NULL, NULL, NULL),
('12437806-26ac-3517-9c0b-87ae14180c33', 'MS-0002', 'HirokoCarson Guillermo Hiroko', '142cb08f-7c31-21fa-8e90-67245e8b283e', '57cdf8c4-47e3-5560-7e41-c1ec321fe728', 'jnmo3690@nowhere.com', 'Nhân sự', 1, NULL, NULL, NULL, NULL),
('12ed36a1-1f48-34d5-97d5-ba100c6f7bce', 'MS-0003', 'Beau Gatlin', '17120d02-6ab5-3e43-18cb-66948daf6128', '57cdf8c4-47e3-5560-7e41-c1ec321fe728', 'MichelMessina@example.com', 'Nhân sự', 1, NULL, NULL, NULL, NULL),
('13486c96-60ab-3b41-5229-a2925c0f334d', 'MS-0004', 'Basil Fort', '17120d02-6ab5-3e43-18cb-66948daf6128', '57cdf8c4-47e3-5560-7e41-c1ec321fe728', 'WilfordReynolds978@example.com', 'Nhân sự', 0, NULL, NULL, NULL, NULL),
('135412a8-63c7-3426-1fcf-9712082ff6cb', 'MS-0005', 'DanyelleAbney Juan Danyelle', '469b3ece-744a-45d5-957d-e8c757976496', '3304dddb-1b72-607f-25c2-579daad24557', 'Alysia_Adame@example.com', 'Nhân sự', 1, NULL, NULL, NULL, NULL),
('13548f3b-37b7-728f-ff83-196123975cb2', 'MS-0006', 'Benton Vargas', '142cb08f-7c31-21fa-8e90-67245e8b283e', '3304dddb-1b72-607f-25c2-579daad24557', 'Hayward@nowhere.com', 'Nhân sự', 3, NULL, NULL, NULL, NULL),
('14146ceb-2f77-385d-90d5-ba100c6f7bce', 'MS-0007', 'DrusillaOverstreet Overstreet', '17120d02-6ab5-3e43-18cb-66948daf6128', '57cdf8c4-47e3-5560-7e41-c1ec321fe728', 'ywle3556@example.com', 'Nhân sự', 1, NULL, NULL, NULL, NULL),
('144edaf9-3dcb-1a64-0484-196123975cb2', 'MS-0008', 'Leopoldo Hale', '469b3ece-744a-45d5-957d-e8c757976496', '6c80a684-1cb5-41af-ff34-60b3ebf808a9', 'KoryY.Abney@nowhere.com', 'Nhân sự', 3, NULL, NULL, NULL, NULL),
('148ed882-32b8-218e-9c20-39c2f00615e8', 'MS-0009', 'Elwood Elwood Teressa', '17120d02-6ab5-3e43-18cb-66948daf6128', '506acf1e-5331-67a9-0d77-d9ebc53aac3d', 'Ligon@example.com', 'Nhân sự', 1, NULL, NULL, NULL, NULL),
('149fb958-744f-70c6-7709-bf1378b8dc91', 'MS-0010', 'Glenn Finch', '4e272fc4-7875-78d6-7d32-6a1673ffca7c', '3304dddb-1b72-607f-25c2-579daad24557', 'LilaTilley@example.com', 'Nhân sự', 2, NULL, NULL, NULL, NULL),
('14ee7bc0-194c-3948-57be-406293204378', 'MS-0011', 'AdahMcwilliams Mcwilliams', '469b3ece-744a-45d5-957d-e8c757976496', '57cdf8c4-47e3-5560-7e41-c1ec321fe728', 'AbigailKruse91@nowhere.com', 'Nhân sự', 0, NULL, NULL, NULL, NULL),
('15cb3909-1246-2add-33de-23e177779933', 'MS-0012', 'Randolph Anaya', '4e272fc4-7875-78d6-7d32-6a1673ffca7c', '6c80a684-1cb5-41af-ff34-60b3ebf808a9', 'zqmfvtd2720@example.com', 'Nhân sự', 1, NULL, NULL, NULL, NULL),
('15d0d796-1465-4665-fc83-196123975cb2', 'MS-0013', 'AletaMcdaniel Pierre Aleta', '469b3ece-744a-45d5-957d-e8c757976496', '3304dddb-1b72-607f-25c2-579daad24557', 'Severson757@example.com', 'Nhân sự', 1, NULL, NULL, NULL, NULL),
('1791bb94-7da7-2a8b-8dd5-ba100c6f7bce', 'MS-0014', 'Frankie Alderman', '4e272fc4-7875-78d6-7d32-6a1673ffca7c', '6c80a684-1cb5-41af-ff34-60b3ebf808a9', 'spzaqiww.xvqdu@nowhere.com', 'Nhân sự', 2, NULL, NULL, NULL, NULL),
('182ac03d-3bc5-1d27-7309-bf1378b8dc91', 'MS-0015', 'JacquelineCasteel Casteel', '4e272fc4-7875-78d6-7d32-6a1673ffca7c', '3304dddb-1b72-607f-25c2-579daad24557', 'Washburn156@example.com', 'Nhân sự', 2, NULL, NULL, NULL, NULL),
('184d1ec3-7c8a-71f9-99d5-ba100c6f7bce', 'MS-0016', 'Bobby Bobby Terra', '469b3ece-744a-45d5-957d-e8c757976496', '3304dddb-1b72-607f-25c2-579daad24557', 'Felipe.Easterling@nowhere.com', 'Nhân sự', 2, NULL, NULL, NULL, NULL),
('1873592d-62c0-6ef7-5329-a2925c0f334d', 'MS-0017', 'CecilleMarlow Marlow', '4e272fc4-7875-78d6-7d32-6a1673ffca7c', '6c80a684-1cb5-41af-ff34-60b3ebf808a9', 'MonroeM.Bruner78@example.com', 'Nhân sự', 1, NULL, NULL, NULL, NULL),
('18b097ad-30aa-66c1-7909-bf1378b8dc91', 'MS-0018', 'AbigailAllen Allen', '4e272fc4-7875-78d6-7d32-6a1673ffca7c', '6c80a684-1cb5-41af-ff34-60b3ebf808a9', 'ArmandaHelton@example.com', 'Nhân sự', 0, NULL, NULL, NULL, NULL),
('19d3caa4-564a-1b26-4f29-a2925c0f334d', 'MS-0019', 'MargarettaClary Clary', '4e272fc4-7875-78d6-7d32-6a1673ffca7c', '506acf1e-5331-67a9-0d77-d9ebc53aac3d', 'TomHaugen6@example.com', 'Nhân sự', 2, NULL, NULL, NULL, NULL),
('1b691e79-236d-5b5a-9d20-39c2f00615e8', 'MS-0020', 'WilliamBriseno Briseno', '17120d02-6ab5-3e43-18cb-66948daf6128', '57cdf8c4-47e3-5560-7e41-c1ec321fe728', 'Loftis@example.com', 'Nhân sự', 3, NULL, NULL, NULL, NULL),
('1d3986c3-11ae-3e82-85c0-08fd2f807219', 'MS-0021', 'AbigailAcker Acker', '17120d02-6ab5-3e43-18cb-66948daf6128', '57cdf8c4-47e3-5560-7e41-c1ec321fe728', 'HazelW@example.com', 'Nhân sự', 2, NULL, NULL, NULL, NULL),
('1d974e92-2a73-4659-5fbe-406293204378', 'MS-0022', 'Brandon Brandon Lady', '469b3ece-744a-45d5-957d-e8c757976496', '6c80a684-1cb5-41af-ff34-60b3ebf808a9', 'ScottHinton74@nowhere.com', 'Nhân sự', 2, NULL, NULL, NULL, NULL),
('1f35a25e-29c0-65c5-64be-406293204378', 'MS-0023', 'David Biddle', '142cb08f-7c31-21fa-8e90-67245e8b283e', '57cdf8c4-47e3-5560-7e41-c1ec321fe728', 'LyndonAcevedo@example.com', 'Nhân sự', 1, NULL, NULL, NULL, NULL),
('1f94a596-32c4-2a29-8ad5-ba100c6f7bce', 'MS-0024', 'AdaClark Benton Ada', '4e272fc4-7875-78d6-7d32-6a1673ffca7c', '3304dddb-1b72-607f-25c2-579daad24557', 'Adela_Scarborough@example.com', 'Nhân sự', 1, NULL, NULL, NULL, NULL),
('1fd43063-1155-5f39-1dcf-9712082ff6cb', 'MS-0025', 'Ron Kahn', '142cb08f-7c31-21fa-8e90-67245e8b283e', '3304dddb-1b72-607f-25c2-579daad24557', 'AbramJensen41@example.com', 'Nhân sự', 2, NULL, NULL, NULL, NULL),
('201328e5-6594-725d-8ed5-ba100c6f7bce', 'MS-0026', 'Abel Abel Macy', '4e272fc4-7875-78d6-7d32-6a1673ffca7c', '3304dddb-1b72-607f-25c2-579daad24557', 'Ruby43@example.com', 'Nhân sự', 0, NULL, NULL, NULL, NULL),
('204c0070-4a99-51b1-7209-bf1378b8dc91', 'MS-0027', 'ArianeChism Otis Ariane', '4e272fc4-7875-78d6-7d32-6a1673ffca7c', '506acf1e-5331-67a9-0d77-d9ebc53aac3d', 'Abdul_Foy@nowhere.com', 'Nhân sự', 1, NULL, NULL, NULL, NULL),
('20bbbd0b-3c4a-7d94-6f09-bf1378b8dc91', 'MS-0028', 'AmalAcker Acker', '4e272fc4-7875-78d6-7d32-6a1673ffca7c', '57cdf8c4-47e3-5560-7e41-c1ec321fe728', 'Verline_Fairbanks2@example.com', 'Nhân sự', 3, NULL, NULL, NULL, NULL),
('22b46f5b-19ce-529f-0284-196123975cb2', 'MS-0029', 'Damon Damon Velva', '142cb08f-7c31-21fa-8e90-67245e8b283e', '3304dddb-1b72-607f-25c2-579daad24557', 'iefhxcfw4196@example.com', 'Nhân sự', 3, NULL, NULL, NULL, NULL),
('22f29725-54f0-11f0-9d0b-87ae14180c33', 'MS-0030', 'Chung Abraham', '17120d02-6ab5-3e43-18cb-66948daf6128', '57cdf8c4-47e3-5560-7e41-c1ec321fe728', 'YasmineJensen@example.com', 'Nhân sự', 3, NULL, NULL, NULL, NULL),
('234d2569-6b1c-720c-9f20-39c2f00615e8', 'MS-0031', 'Amos Webster', '142cb08f-7c31-21fa-8e90-67245e8b283e', '6c80a684-1cb5-41af-ff34-60b3ebf808a9', 'Kimberlee_ZCausey@nowhere.com', 'Nhân sự', 3, NULL, NULL, NULL, NULL),
('2520d168-1494-4217-89d5-ba100c6f7bce', 'MS-0032', 'AdrianneFranz Enoch Adrianne', '4e272fc4-7875-78d6-7d32-6a1673ffca7c', '3304dddb-1b72-607f-25c2-579daad24557', 'MarcoBerry@example.com', 'Nhân sự', 1, NULL, NULL, NULL, NULL),
('2535c718-4dd9-311b-8cd5-ba100c6f7bce', 'MS-0033', 'SusanaFortier Fortier', '17120d02-6ab5-3e43-18cb-66948daf6128', '6c80a684-1cb5-41af-ff34-60b3ebf808a9', 'duxdcaic4070@example.com', 'Nhân sự', 1, NULL, NULL, NULL, NULL),
('25502e11-38ba-4c53-fe83-196123975cb2', 'MS-0034', 'SibylTrahan Rod Sibyl', '142cb08f-7c31-21fa-8e90-67245e8b283e', '3304dddb-1b72-607f-25c2-579daad24557', 'Jarvis_Nugent157@example.com', 'Nhân sự', 2, NULL, NULL, NULL, NULL),
('25c6c36e-1668-7d10-6e09-bf1378b8dc91', 'MS-0035', 'DeedraKeith Kory Deedra', '17120d02-6ab5-3e43-18cb-66948daf6128', '506acf1e-5331-67a9-0d77-d9ebc53aac3d', 'Burrows865@example.com', 'Nhân sự', 2, NULL, NULL, NULL, NULL),
('26cd0bfe-92dd-4308-9a8c-70b8b5450e28', 'MS-0154', 'Dương Minh Việt', '142cb08f-7c31-21fa-8e90-67245e8b283e', '3304dddb-1b72-607f-25c2-579daad24557', 'abcd@gmail.com', 'Nhân sự , Quản trị hệ thống ', 2, 'dmviet', '2022-11-14 02:32:17', 'dmviet', '2022-11-14 04:22:18'),
('26de5798-48e1-14d3-9f0b-87ae14180c33', 'MS-0036', 'AudieEverett Everett', '469b3ece-744a-45d5-957d-e8c757976496', '57cdf8c4-47e3-5560-7e41-c1ec321fe728', 'Adah.Angel173@example.com', 'Nhân sự', 0, NULL, NULL, NULL, NULL),
('28018b36-16ff-393b-a020-39c2f00615e8', 'MS-0037', 'Mario Mario Abbie', '17120d02-6ab5-3e43-18cb-66948daf6128', '3304dddb-1b72-607f-25c2-579daad24557', 'ErrolAlcala24@example.com', 'Nhân sự', 2, NULL, NULL, NULL, NULL),
('28955144-6588-500f-0684-196123975cb2', 'MS-0038', 'BuffyLeggett Leggett', '142cb08f-7c31-21fa-8e90-67245e8b283e', '506acf1e-5331-67a9-0d77-d9ebc53aac3d', 'JennineHeckman@example.com', 'Nhân sự', 3, NULL, NULL, NULL, NULL),
('28bb5b3f-5c7f-5bca-a820-39c2f00615e8', 'MS-0039', 'LavonaSutton Alonzo Lavona', '17120d02-6ab5-3e43-18cb-66948daf6128', '3304dddb-1b72-607f-25c2-579daad24557', 'olsa1@example.com', 'Nhân sự', 2, NULL, NULL, NULL, NULL),
('2909a81f-45ba-7e82-3ade-23e177779933', 'MS-0040', 'ProvidenciaAbbott Herschel Providencia', '4e272fc4-7875-78d6-7d32-6a1673ffca7c', '3304dddb-1b72-607f-25c2-579daad24557', 'Wolford@nowhere.com', 'Nhân sự', 3, NULL, NULL, NULL, NULL),
('2915c579-282a-66d4-94d5-ba100c6f7bce', 'MS-0041', 'AbigailBeaver Beaver', '469b3ece-744a-45d5-957d-e8c757976496', '506acf1e-5331-67a9-0d77-d9ebc53aac3d', 'Lloyd487@example.com', 'Nhân sự', 1, NULL, NULL, NULL, NULL),
('2917e651-61f8-7f1a-a20b-87ae14180c33', 'MS-0042', 'TieshaSimon Amos Tiesha', '4e272fc4-7875-78d6-7d32-6a1673ffca7c', '57cdf8c4-47e3-5560-7e41-c1ec321fe728', 'Willard@example.com', 'Nhân sự', 3, NULL, NULL, NULL, NULL),
('29d9991f-145f-3468-89c0-08fd2f807219', 'MS-0043', 'Jimmy Abney', '469b3ece-744a-45d5-957d-e8c757976496', '57cdf8c4-47e3-5560-7e41-c1ec321fe728', 'MarkAbraham@nowhere.com', 'Nhân sự', 2, NULL, NULL, NULL, NULL),
('2c6981c9-286a-4e7b-88c0-08fd2f807219', 'MS-0044', 'Walker Aguilera', '4e272fc4-7875-78d6-7d32-6a1673ffca7c', '3304dddb-1b72-607f-25c2-579daad24557', 'KarimaBickford@example.com', 'Nhân sự', 3, NULL, NULL, NULL, NULL),
('2cc5723c-56c3-7df9-8bd5-ba100c6f7bce', 'MS-0045', 'EddaDevlin Quinton Edda', '17120d02-6ab5-3e43-18cb-66948daf6128', '506acf1e-5331-67a9-0d77-d9ebc53aac3d', 'SalleyBeckett@example.com', 'Nhân sự', 3, NULL, NULL, NULL, NULL),
('2ea8deee-1b95-2a51-88d5-ba100c6f7bce', 'MS-0046', 'LatashiaColon Mason Latashia', '469b3ece-744a-45d5-957d-e8c757976496', '506acf1e-5331-67a9-0d77-d9ebc53aac3d', 'Julene.IAbrams@example.com', 'Nhân sự', 3, NULL, NULL, NULL, NULL),
('305174e6-1900-371f-a920-39c2f00615e8', 'MS-0047', 'Williams Williams Frankie', '469b3ece-744a-45d5-957d-e8c757976496', '57cdf8c4-47e3-5560-7e41-c1ec321fe728', 'zyemnwxg5256@nowhere.com', 'Nhân sự', 2, NULL, NULL, NULL, NULL),
('309122bc-1a1b-5fdb-66be-406293204378', 'MS-0048', 'Benjamin Benjamin Adelaida', '142cb08f-7c31-21fa-8e90-67245e8b283e', '3304dddb-1b72-607f-25c2-579daad24557', 'AdamRunyan7@example.com', 'Nhân sự', 1, NULL, NULL, NULL, NULL),
('3112d5f4-1190-69d8-8dc0-08fd2f807219', 'MS-0049', 'Bobby Bobby Allene', '142cb08f-7c31-21fa-8e90-67245e8b283e', '506acf1e-5331-67a9-0d77-d9ebc53aac3d', 'tnphgkjf2782@nowhere.com', 'Nhân sự', 1, NULL, NULL, NULL, NULL),
('34811f36-3996-69fc-39de-23e177779933', 'MS-0050', 'Cecil Thurston', '142cb08f-7c31-21fa-8e90-67245e8b283e', '3304dddb-1b72-607f-25c2-579daad24557', 'Mays989@example.com', 'Nhân sự', 0, NULL, NULL, NULL, NULL),
('354f1b13-17bf-1b52-87d5-ba100c6f7bce', 'MS-0051', 'AliciaMartel Martel', '4e272fc4-7875-78d6-7d32-6a1673ffca7c', '57cdf8c4-47e3-5560-7e41-c1ec321fe728', 'Cedric.CSotelo@example.com', 'Nhân sự', 2, NULL, NULL, NULL, NULL),
('357d7c4e-4b7f-11c2-84c0-08fd2f807219', 'MS-0052', 'Lester Acker', '17120d02-6ab5-3e43-18cb-66948daf6128', '3304dddb-1b72-607f-25c2-579daad24557', 'Burch@example.com', 'Nhân sự', 0, NULL, NULL, NULL, NULL),
('35a9fa15-1e85-7c01-0384-196123975cb2', 'MS-0053', 'Refugio Refugio Sunshine', '469b3ece-744a-45d5-957d-e8c757976496', '3304dddb-1b72-607f-25c2-579daad24557', 'kyumglzu.gvdtmp@example.com', 'Nhân sự', 0, NULL, NULL, NULL, NULL),
('36104b10-705b-57a8-83c0-08fd2f807219', 'MS-0054', 'MelodiThornton Chas Melodi', '17120d02-6ab5-3e43-18cb-66948daf6128', '3304dddb-1b72-607f-25c2-579daad24557', 'SeeWild56@example.com', 'Nhân sự', 3, NULL, NULL, NULL, NULL),
('361ca472-1312-3c9f-a60b-87ae14180c33', 'MS-0055', 'James James Misty', '142cb08f-7c31-21fa-8e90-67245e8b283e', '506acf1e-5331-67a9-0d77-d9ebc53aac3d', 'Hartmann145@example.com', 'Nhân sự', 3, NULL, NULL, NULL, NULL),
('3700cc49-55b5-69ea-4929-a2925c0f334d', 'MS-0056', 'VicentaAdam Adam', '469b3ece-744a-45d5-957d-e8c757976496', '6c80a684-1cb5-41af-ff34-60b3ebf808a9', 'GeorgannSamples457@example.com', 'Nhân sự', 0, NULL, NULL, NULL, NULL),
('374bb943-1e92-11bb-0884-196123975cb2', 'MS-0057', 'DeanDorman Jame Dean', '4e272fc4-7875-78d6-7d32-6a1673ffca7c', '57cdf8c4-47e3-5560-7e41-c1ec321fe728', 'Spriggs@nowhere.com', 'Nhân sự', 3, NULL, NULL, NULL, NULL),
('37dd9bb0-4c53-4134-31de-23e177779933', 'MS-0058', 'CarynCrespo Crespo', '142cb08f-7c31-21fa-8e90-67245e8b283e', '6c80a684-1cb5-41af-ff34-60b3ebf808a9', 'Abreu222@example.com', 'Nhân sự', 2, NULL, NULL, NULL, NULL),
('38528581-656f-2902-32de-23e177779933', 'MS-0059', 'EdraAguiar Aguiar', '142cb08f-7c31-21fa-8e90-67245e8b283e', '3304dddb-1b72-607f-25c2-579daad24557', 'Luther@example.com', 'Nhân sự', 1, NULL, NULL, NULL, NULL),
('38fae0a4-2a8d-7751-17cf-9712082ff6cb', 'MS-0060', 'IrisSteward Steward', '17120d02-6ab5-3e43-18cb-66948daf6128', '506acf1e-5331-67a9-0d77-d9ebc53aac3d', 'Krebs769@example.com', 'Nhân sự', 3, NULL, NULL, NULL, NULL),
('3939a9cd-6c3f-78bf-9ad5-ba100c6f7bce', 'MS-0061', 'Bennie Bennie Jessenia', '17120d02-6ab5-3e43-18cb-66948daf6128', '57cdf8c4-47e3-5560-7e41-c1ec321fe728', 'NenaFenton444@example.com', 'Nhân sự', 1, NULL, NULL, NULL, NULL),
('3b7145dd-5e9b-7d95-ab20-39c2f00615e8', 'MS-0062', 'EsperanzaGauthier Gauthier', '17120d02-6ab5-3e43-18cb-66948daf6128', '6c80a684-1cb5-41af-ff34-60b3ebf808a9', 'Mcneal@example.com', 'Nhân sự', 1, NULL, NULL, NULL, NULL),
('3b86d2ed-446c-5fce-56be-406293204378', 'MS-0063', 'HeikeBaez Travis Heike', '142cb08f-7c31-21fa-8e90-67245e8b283e', '506acf1e-5331-67a9-0d77-d9ebc53aac3d', 'Francene.E.Acker869@example.com', 'Nhân sự', 1, NULL, NULL, NULL, NULL),
('3bad7541-7915-6d1b-34de-23e177779933', 'MS-0064', 'Ralph Vetter', '17120d02-6ab5-3e43-18cb-66948daf6128', '3304dddb-1b72-607f-25c2-579daad24557', 'Phillips9@example.com', 'Nhân sự', 3, NULL, NULL, NULL, NULL),
('3be24f1a-760f-693b-0584-196123975cb2', 'MS-0065', 'Amos Amos Jacqui', '17120d02-6ab5-3e43-18cb-66948daf6128', '57cdf8c4-47e3-5560-7e41-c1ec321fe728', 'IluminadaK.Ricker68@example.com', 'Nhân sự', 3, NULL, NULL, NULL, NULL),
('3c213f7c-5d43-58ec-60be-406293204378', 'MS-0066', 'AliseBriseno Felipe Alise', '469b3ece-744a-45d5-957d-e8c757976496', '3304dddb-1b72-607f-25c2-579daad24557', 'dfewwsnl.ovwio@nowhere.com', 'Nhân sự', 1, NULL, NULL, NULL, NULL),
('3deb9637-21c9-2f33-a50b-87ae14180c33', 'MS-0067', 'Len Len Candace', '469b3ece-744a-45d5-957d-e8c757976496', '6c80a684-1cb5-41af-ff34-60b3ebf808a9', 'Amaya@example.com', 'Nhân sự', 2, NULL, NULL, NULL, NULL),
('3eb6659b-2fad-2e67-98d5-ba100c6f7bce', 'MS-0068', 'DelorasCaswell Caswell', '142cb08f-7c31-21fa-8e90-67245e8b283e', '506acf1e-5331-67a9-0d77-d9ebc53aac3d', 'AlexisP.Alcala@example.com', 'Nhân sự', 0, NULL, NULL, NULL, NULL),
('4030e5af-694c-380f-36de-23e177779933', 'MS-0069', 'ShielaConklin Rupert Shiela', '142cb08f-7c31-21fa-8e90-67245e8b283e', '3304dddb-1b72-607f-25c2-579daad24557', 'JaredWillson597@example.com', 'Nhân sự', 1, NULL, NULL, NULL, NULL),
('403f8763-44b1-517d-7609-bf1378b8dc91', 'MS-0070', 'AdelaidaStpierre Andrea Adelaida', '469b3ece-744a-45d5-957d-e8c757976496', '3304dddb-1b72-607f-25c2-579daad24557', 'Shumaker327@example.com', 'Nhân sự', 2, NULL, NULL, NULL, NULL),
('40480f96-2014-7c36-4c29-a2925c0f334d', 'MS-0071', 'Luke Luke Marylyn', '17120d02-6ab5-3e43-18cb-66948daf6128', '6c80a684-1cb5-41af-ff34-60b3ebf808a9', 'GennieGBarrow9@example.com', 'Nhân sự', 3, NULL, NULL, NULL, NULL),
('40dcb887-554e-6059-a120-39c2f00615e8', 'MS-0072', 'Ramiro Valdes', '4e272fc4-7875-78d6-7d32-6a1673ffca7c', '6c80a684-1cb5-41af-ff34-60b3ebf808a9', 'AdolphAcker49@example.com', 'Nhân sự', 3, NULL, NULL, NULL, NULL),
('40f7a6ac-21d8-7147-19cf-9712082ff6cb', 'MS-0073', 'Cedrick Reagan', '4e272fc4-7875-78d6-7d32-6a1673ffca7c', '6c80a684-1cb5-41af-ff34-60b3ebf808a9', 'Abrams675@example.com', 'Nhân sự', 0, NULL, NULL, NULL, NULL),
('41c2dce0-2c38-3bc6-16cf-9712082ff6cb', 'MS-0074', 'Joesph Joesph Adaline', '4e272fc4-7875-78d6-7d32-6a1673ffca7c', '6c80a684-1cb5-41af-ff34-60b3ebf808a9', 'wxdo5147@example.com', 'Nhân sự', 3, NULL, NULL, NULL, NULL),
('42a2de43-33e3-3d3e-1ccf-9712082ff6cb', 'MS-0075', 'Adan Bass', '142cb08f-7c31-21fa-8e90-67245e8b283e', '6c80a684-1cb5-41af-ff34-60b3ebf808a9', 'MathewMccarter@example.com', 'Nhân sự', 1, NULL, NULL, NULL, NULL),
('430250f1-181c-132c-a40b-87ae14180c33', 'MS-0076', 'LakeeshaOden Lowell Lakeesha', '469b3ece-744a-45d5-957d-e8c757976496', '3304dddb-1b72-607f-25c2-579daad24557', 'Hayes@example.com', 'Nhân sự', 1, NULL, NULL, NULL, NULL),
('432dd01c-18c3-4ea1-37de-23e177779933', 'MS-0077', 'Demetrius Easterling', '17120d02-6ab5-3e43-18cb-66948daf6128', '506acf1e-5331-67a9-0d77-d9ebc53aac3d', 'vlepdvgc_xueo@nowhere.com', 'Nhân sự', 3, NULL, NULL, NULL, NULL),
('45ca8a53-1621-1c68-1acf-9712082ff6cb', 'MS-0078', 'Graham Fredericks', '4e272fc4-7875-78d6-7d32-6a1673ffca7c', '3304dddb-1b72-607f-25c2-579daad24557', 'Cardoza@example.com', 'Nhân sự', 0, NULL, NULL, NULL, NULL),
('46241dbe-5442-7b9f-8ec0-08fd2f807219', 'MS-0079', 'Hipolito Boston', '17120d02-6ab5-3e43-18cb-66948daf6128', '57cdf8c4-47e3-5560-7e41-c1ec321fe728', 'Emmy.WMillard81@example.com', 'Nhân sự', 0, NULL, NULL, NULL, NULL),
('46b2f54f-4e6b-7159-0784-196123975cb2', 'MS-0080', 'LindsyAbney Abney', '469b3ece-744a-45d5-957d-e8c757976496', '3304dddb-1b72-607f-25c2-579daad24557', 'AmosCarranza53@example.com', 'Nhân sự', 3, NULL, NULL, NULL, NULL),
('486f3705-5928-5b0d-15cf-9712082ff6cb', 'MS-0081', 'AdrieneMontgomery Montgomery', '469b3ece-744a-45d5-957d-e8c757976496', '57cdf8c4-47e3-5560-7e41-c1ec321fe728', 'Jude_Weller976@example.com', 'Nhân sự', 2, NULL, NULL, NULL, NULL),
('4873f760-36b1-4c42-8bc0-08fd2f807219', 'MS-0082', 'ChristieChristian Christian', '4e272fc4-7875-78d6-7d32-6a1673ffca7c', '506acf1e-5331-67a9-0d77-d9ebc53aac3d', 'Skidmore@example.com', 'Nhân sự', 3, NULL, NULL, NULL, NULL),
('4931f441-237d-4e19-9e0b-87ae14180c33', 'MS-0083', 'JordanStarkey Darwin Jordan', '17120d02-6ab5-3e43-18cb-66948daf6128', '57cdf8c4-47e3-5560-7e41-c1ec321fe728', 'Bernard_Jeffers167@example.com', 'Nhân sự', 0, NULL, NULL, NULL, NULL),
('494e1c26-71cc-292d-a320-39c2f00615e8', 'MS-0084', 'Edmund Edmund Johnie', '469b3ece-744a-45d5-957d-e8c757976496', '506acf1e-5331-67a9-0d77-d9ebc53aac3d', 'Thibodeau617@example.com', 'Nhân sự', 0, NULL, NULL, NULL, NULL),
('4a4a8c90-2e57-215e-58be-406293204378', 'MS-0085', 'Jose Jose Angelika', '142cb08f-7c31-21fa-8e90-67245e8b283e', '506acf1e-5331-67a9-0d77-d9ebc53aac3d', 'Whitaker@nowhere.com', 'Nhân sự', 1, NULL, NULL, NULL, NULL),
('4a5a5232-6bcf-2f42-62be-406293204378', 'MS-0086', 'FeliceSwift Swift', '17120d02-6ab5-3e43-18cb-66948daf6128', '6c80a684-1cb5-41af-ff34-60b3ebf808a9', 'Pratt5@example.com', 'Nhân sự', 0, NULL, NULL, NULL, NULL),
('4ce0877f-48e4-6975-5129-a2925c0f334d', 'MS-0087', 'TraciCope Cope', '469b3ece-744a-45d5-957d-e8c757976496', '506acf1e-5331-67a9-0d77-d9ebc53aac3d', 'Allman13@example.com', 'Nhân sự', 3, NULL, NULL, NULL, NULL),
('4d759fc8-400f-6e8f-5bbe-406293204378', 'MS-0088', 'Frances Smalley', '469b3ece-744a-45d5-957d-e8c757976496', '506acf1e-5331-67a9-0d77-d9ebc53aac3d', 'Domingo_V.Gresham@example.com', 'Nhân sự', 3, NULL, NULL, NULL, NULL),
('4d8c2958-2252-531e-7a09-bf1378b8dc91', 'MS-0089', 'Elroy Elroy Agueda', '4e272fc4-7875-78d6-7d32-6a1673ffca7c', '3304dddb-1b72-607f-25c2-579daad24557', 'Edgar_Donahue@example.com', 'Nhân sự', 0, NULL, NULL, NULL, NULL),
('4e2e6064-6bbe-2699-a30b-87ae14180c33', 'MS-0090', 'CarenRivas Rivas', '17120d02-6ab5-3e43-18cb-66948daf6128', '506acf1e-5331-67a9-0d77-d9ebc53aac3d', 'Callaway@example.com', 'Nhân sự', 3, NULL, NULL, NULL, NULL),
('4fbf7ac2-4f95-259e-fd83-196123975cb2', 'MS-0091', 'MarylynFournier Pierre Marylyn', '469b3ece-744a-45d5-957d-e8c757976496', '3304dddb-1b72-607f-25c2-579daad24557', 'SmithO@example.com', 'Nhân sự', 2, NULL, NULL, NULL, NULL),
('504468a1-12c6-6902-7b09-bf1378b8dc91', 'MS-0092', 'Renato Renato Staci', '142cb08f-7c31-21fa-8e90-67245e8b283e', '506acf1e-5331-67a9-0d77-d9ebc53aac3d', 'NikitaFulmer368@example.com', 'Nhân sự', 0, NULL, NULL, NULL, NULL),
('50c0928f-1779-4e8b-a520-39c2f00615e8', 'MS-0093', 'SaundraCrouse Eddy Saundra', '4e272fc4-7875-78d6-7d32-6a1673ffca7c', '506acf1e-5331-67a9-0d77-d9ebc53aac3d', 'Cowart@example.com', 'Nhân sự', 3, NULL, NULL, NULL, NULL),
('515b6077-13cf-64a1-5ebe-406293204378', 'MS-0094', 'CaseyWofford Wofford', '469b3ece-744a-45d5-957d-e8c757976496', '6c80a684-1cb5-41af-ff34-60b3ebf808a9', 'LorrettaAlbert151@example.com', 'Nhân sự', 3, NULL, NULL, NULL, NULL),
('51e78fff-176c-5145-91c0-08fd2f807219', 'MS-0095', 'SlyviaCrutchfield Abraham Slyvia', '469b3ece-744a-45d5-957d-e8c757976496', '3304dddb-1b72-607f-25c2-579daad24557', 'Cobb@example.com', 'Nhân sự', 2, NULL, NULL, NULL, NULL),
('52aadc93-3c4a-5df5-ae20-39c2f00615e8', 'MS-0096', 'Blake Blake Hortencia', '17120d02-6ab5-3e43-18cb-66948daf6128', '3304dddb-1b72-607f-25c2-579daad24557', 'Marsh@example.com', 'Nhân sự', 3, NULL, NULL, NULL, NULL),
('53baae5e-52f2-2642-4a29-a2925c0f334d', 'MS-0097', 'Aurelio Kerns', '142cb08f-7c31-21fa-8e90-67245e8b283e', '57cdf8c4-47e3-5560-7e41-c1ec321fe728', 'CatherynTaber@example.com', 'Nhân sự', 1, NULL, NULL, NULL, NULL),
('5587ec3f-5ef9-7b84-38de-23e177779933', 'MS-0098', 'Jeremiah Jeremiah Krystin', '469b3ece-744a-45d5-957d-e8c757976496', '57cdf8c4-47e3-5560-7e41-c1ec321fe728', 'Basil.Honeycutt36@nowhere.com', 'Nhân sự', 3, NULL, NULL, NULL, NULL),
('573da2cd-1579-5327-8cc0-08fd2f807219', 'MS-0099', 'ShaunaRitchey Ritchey', '4e272fc4-7875-78d6-7d32-6a1673ffca7c', '506acf1e-5331-67a9-0d77-d9ebc53aac3d', 'CarylKnutson1@example.com', 'Nhân sự', 0, NULL, NULL, NULL, NULL),
('57a3f48f-1c1d-1f04-9e20-39c2f00615e8', 'MS-0100', 'Adalberto Ripley', '142cb08f-7c31-21fa-8e90-67245e8b283e', '3304dddb-1b72-607f-25c2-579daad24557', 'Sikes@example.com', 'Nhân sự', 2, NULL, NULL, NULL, NULL),
('57a949ac-4627-2a53-8fc0-08fd2f807219', 'MS-0101', 'Kyle Kyle Tanika', '469b3ece-744a-45d5-957d-e8c757976496', '3304dddb-1b72-607f-25c2-579daad24557', 'German864@example.com', 'Nhân sự', 3, NULL, NULL, NULL, NULL),
('592ad0f7-5391-704d-af20-39c2f00615e8', 'MS-0102', 'Ira Bunnell', '17120d02-6ab5-3e43-18cb-66948daf6128', '3304dddb-1b72-607f-25c2-579daad24557', 'DesmondBaca46@example.com', 'Nhân sự', 0, NULL, NULL, NULL, NULL),
('5934ceac-4295-34ba-7c09-bf1378b8dc91', 'MS-0103', 'AlexandriaBaylor Carrol Alexandria', '469b3ece-744a-45d5-957d-e8c757976496', '6c80a684-1cb5-41af-ff34-60b3ebf808a9', 'Anette.Alarcon@nowhere.com', 'Nhân sự', 0, NULL, NULL, NULL, NULL),
('5982505e-4827-7305-1ecf-9712082ff6cb', 'MS-0104', 'LashundaLindquist Lindquist', '17120d02-6ab5-3e43-18cb-66948daf6128', '3304dddb-1b72-607f-25c2-579daad24557', 'Salvador_R.Spencer23@nowhere.com', 'Nhân sự', 0, NULL, NULL, NULL, NULL),
('5a92c674-8a7c-465f-9892-900ca8fc5cd8', 'MS-0152', 'Dương Minh Việt', '17120d02-6ab5-3e43-18cb-66948daf6128', '506acf1e-5331-67a9-0d77-d9ebc53aac3d', 'abcd@gmail.com', ' Quản trị hệ thống ', 0, 'dmviet', '2022-11-13 12:41:22', 'dmviet', '2022-11-13 12:41:22'),
('5c9f5f1a-6f5c-49cc-59be-406293204378', 'MS-0105', 'CatherynTaber Taber', '17120d02-6ab5-3e43-18cb-66948daf6128', '6c80a684-1cb5-41af-ff34-60b3ebf808a9', 'hqjoe3@example.com', 'Nhân sự', 3, NULL, NULL, NULL, NULL),
('5ca4f407-2d2d-24db-18cf-9712082ff6cb', 'MS-0106', 'ChristinHackney August Christin', '142cb08f-7c31-21fa-8e90-67245e8b283e', '57cdf8c4-47e3-5560-7e41-c1ec321fe728', 'Chestnut@example.com', 'Nhân sự', 1, NULL, NULL, NULL, NULL),
('5d45a0b6-3652-3ed1-5dbe-406293204378', 'MS-0107', 'Abe Abe Juliane', '469b3ece-744a-45d5-957d-e8c757976496', '3304dddb-1b72-607f-25c2-579daad24557', 'qrqivunu33@example.com', 'Nhân sự', 2, NULL, NULL, NULL, NULL),
('5d6636c4-5be9-1fda-0084-196123975cb2', 'MS-0108', 'ArianneAbernathy Abernathy', '469b3ece-744a-45d5-957d-e8c757976496', '3304dddb-1b72-607f-25c2-579daad24557', 'Otis@nowhere.com', 'Nhân sự', 1, NULL, NULL, NULL, NULL),
('5d9f07e3-23b7-320f-7d09-bf1378b8dc91', 'MS-0109', 'Troy Green', '469b3ece-744a-45d5-957d-e8c757976496', '3304dddb-1b72-607f-25c2-579daad24557', 'Mccorkle@example.com', 'Nhân sự', 0, NULL, NULL, NULL, NULL),
('5dec46ef-3437-32f8-a80b-87ae14180c33', 'MS-0110', 'ShandraDugger Reuben Shandra', '4e272fc4-7875-78d6-7d32-6a1673ffca7c', '506acf1e-5331-67a9-0d77-d9ebc53aac3d', 'CameronHood493@example.com', 'Nhân sự', 0, NULL, NULL, NULL, NULL),
('5ee2ba7f-49ee-5b09-5cbe-406293204378', 'MS-0111', 'NorahBradshaw Kory Norah', '17120d02-6ab5-3e43-18cb-66948daf6128', '3304dddb-1b72-607f-25c2-579daad24557', 'yaksaq3391@nowhere.com', 'Nhân sự', 1, NULL, NULL, NULL, NULL),
('6006f6a5-7953-28f9-95d5-ba100c6f7bce', 'MS-0112', 'Stephen Peterman', '142cb08f-7c31-21fa-8e90-67245e8b283e', '57cdf8c4-47e3-5560-7e41-c1ec321fe728', 'Carrillo@nowhere.com', 'Nhân sự', 0, NULL, NULL, NULL, NULL),
('6065d99a-3101-55f4-20cf-9712082ff6cb', 'MS-0113', 'ChristieUpshaw Upshaw', '4e272fc4-7875-78d6-7d32-6a1673ffca7c', '57cdf8c4-47e3-5560-7e41-c1ec321fe728', 'Mcduffie@example.com', 'Nhân sự', 1, NULL, NULL, NULL, NULL),
('618a90d5-41f5-5b77-93d5-ba100c6f7bce', 'MS-0114', 'Doyle Doyle Agripina', '142cb08f-7c31-21fa-8e90-67245e8b283e', '506acf1e-5331-67a9-0d77-d9ebc53aac3d', 'LeonConaway7@example.com', 'Nhân sự', 1, NULL, NULL, NULL, NULL),
('62a849b4-1145-4227-7009-bf1378b8dc91', 'MS-0115', 'LaurindaSorenson Sorenson', '17120d02-6ab5-3e43-18cb-66948daf6128', '57cdf8c4-47e3-5560-7e41-c1ec321fe728', 'DorothaCass344@example.com', 'Nhân sự', 1, NULL, NULL, NULL, NULL),
('6452e402-1744-5bf8-aa20-39c2f00615e8', 'MS-0116', 'DeonShank Jim Deon', '142cb08f-7c31-21fa-8e90-67245e8b283e', '6c80a684-1cb5-41af-ff34-60b3ebf808a9', 'pdeo7@example.com', 'Nhân sự', 3, NULL, NULL, NULL, NULL),
('669c8349-2fc8-1dc3-a620-39c2f00615e8', 'MS-0117', 'Garfield Acevedo', '469b3ece-744a-45d5-957d-e8c757976496', '506acf1e-5331-67a9-0d77-d9ebc53aac3d', 'Jewel.Pool@example.com', 'Nhân sự', 1, NULL, NULL, NULL, NULL),
('68fc6f39-7c51-144b-5029-a2925c0f334d', 'MS-0118', 'KaranButterfield Modesto Karan', '17120d02-6ab5-3e43-18cb-66948daf6128', '3304dddb-1b72-607f-25c2-579daad24557', 'Bradford@nowhere.com', 'Nhân sự', 3, NULL, NULL, NULL, NULL),
('69327c00-3606-5757-8fd5-ba100c6f7bce', 'MS-0119', 'RoxannaDiamond Charlie Roxanna', '142cb08f-7c31-21fa-8e90-67245e8b283e', '3304dddb-1b72-607f-25c2-579daad24557', 'Irving@example.com', 'Nhân sự', 1, NULL, NULL, NULL, NULL),
('69cc327f-46ba-72fc-ac20-39c2f00615e8', 'MS-0120', 'CristineFarley Harry Cristine', '17120d02-6ab5-3e43-18cb-66948daf6128', '6c80a684-1cb5-41af-ff34-60b3ebf808a9', 'Valles9@nowhere.com', 'Nhân sự', 1, NULL, NULL, NULL, NULL),
('6a3cdb3a-63f6-5410-ad20-39c2f00615e8', 'MS-0121', 'ScottWeiss Lyndon Scott', '142cb08f-7c31-21fa-8e90-67245e8b283e', '6c80a684-1cb5-41af-ff34-60b3ebf808a9', 'Dewey_Almanza@example.com', 'Nhân sự', 0, NULL, NULL, NULL, NULL),
('6a94b3d5-77fe-38bf-a90b-87ae14180c33', 'MS-0122', 'CandiceIrby Irby', '469b3ece-744a-45d5-957d-e8c757976496', '57cdf8c4-47e3-5560-7e41-c1ec321fe728', 'Philip_V_Adams@nowhere.com', 'Nhân sự', 3, NULL, NULL, NULL, NULL),
('6b47b37f-3123-3ce7-14cf-9712082ff6cb', 'MS-0123', 'Kelley Kelley Alisia', '4e272fc4-7875-78d6-7d32-6a1673ffca7c', '57cdf8c4-47e3-5560-7e41-c1ec321fe728', 'ssmxzviy.qout@example.com', 'Nhân sự', 2, NULL, NULL, NULL, NULL),
('6be6c0e9-220a-3d03-96d5-ba100c6f7bce', 'MS-0124', 'Colby Swank', '17120d02-6ab5-3e43-18cb-66948daf6128', '506acf1e-5331-67a9-0d77-d9ebc53aac3d', 'BrantWenzel2@example.com', 'Nhân sự', 2, NULL, NULL, NULL, NULL),
('6c2d254c-51c8-2ac9-7409-bf1378b8dc91', 'MS-0125', 'TempleDarby Clyde Temple', '142cb08f-7c31-21fa-8e90-67245e8b283e', '3304dddb-1b72-607f-25c2-579daad24557', 'Kearns@example.com', 'Nhân sự', 0, NULL, NULL, NULL, NULL),
('6cb5344e-4b6a-3e87-7809-bf1378b8dc91', 'MS-0126', 'CaronAbbott Abbott', '4e272fc4-7875-78d6-7d32-6a1673ffca7c', '6c80a684-1cb5-41af-ff34-60b3ebf808a9', 'ElliottDixon@example.com', 'Nhân sự', 3, NULL, NULL, NULL, NULL),
('6e2d162f-65fb-4ac7-35de-23e177779933', 'MS-0127', 'Brooks Pickard', '469b3ece-744a-45d5-957d-e8c757976496', '6c80a684-1cb5-41af-ff34-60b3ebf808a9', 'AlexAlcala3@nowhere.com', 'Nhân sự', 3, NULL, NULL, NULL, NULL),
('6e98d16d-1cee-3d90-4d29-a2925c0f334d', 'MS-0128', 'TaraAllred Allred', '4e272fc4-7875-78d6-7d32-6a1673ffca7c', '6c80a684-1cb5-41af-ff34-60b3ebf808a9', 'Aguiar7@nowhere.com', 'Nhân sự', 2, NULL, NULL, NULL, NULL),
('6eeb0f16-1f95-72a8-8ac0-08fd2f807219', 'MS-0129', 'Jared Bobo', '17120d02-6ab5-3e43-18cb-66948daf6128', '506acf1e-5331-67a9-0d77-d9ebc53aac3d', 'Ashly.Benoit@nowhere.com', 'Nhân sự', 3, NULL, NULL, NULL, NULL),
('6ef29a53-7bc8-7018-90c0-08fd2f807219', 'MS-0130', 'NorineAli Shannon Norine', '4e272fc4-7875-78d6-7d32-6a1673ffca7c', '6c80a684-1cb5-41af-ff34-60b3ebf808a9', 'CalebBarbee4@example.com', 'Nhân sự', 0, NULL, NULL, NULL, NULL),
('6fece1aa-f951-4938-ae46-707d3de989ec', 'MS-0153', 'Dương Minh Việt', '142cb08f-7c31-21fa-8e90-67245e8b283e', '506acf1e-5331-67a9-0d77-d9ebc53aac3d', 'abcd@gmail.com', ' Quản trị hệ thống ', 0, 'dmviet', '2022-11-14 02:06:57', 'dmviet', '2022-11-14 02:06:57'),
('70e8e9ef-1d12-602a-a420-39c2f00615e8', 'MS-0131', 'Allan Allan Liana', '17120d02-6ab5-3e43-18cb-66948daf6128', '506acf1e-5331-67a9-0d77-d9ebc53aac3d', 'MaymeAcevedo99@nowhere.com', 'Nhân sự', 2, NULL, NULL, NULL, NULL),
('7214c81d-705f-3473-65be-406293204378', 'MS-0132', 'GaynellAlderman Alderman', '142cb08f-7c31-21fa-8e90-67245e8b283e', '3304dddb-1b72-607f-25c2-579daad24557', 'Abney@nowhere.com', 'Nhân sự', 2, NULL, NULL, NULL, NULL),
('7441e84e-3b68-7d8b-63be-406293204378', 'MS-0133', 'JennellBoyle Lesley Jennell', '142cb08f-7c31-21fa-8e90-67245e8b283e', '506acf1e-5331-67a9-0d77-d9ebc53aac3d', 'Selma_Byrne76@nowhere.com', 'Nhân sự', 1, NULL, NULL, NULL, NULL),
('749af78e-699e-5d1e-7109-bf1378b8dc91', 'MS-0134', 'Luis Vigil', '469b3ece-744a-45d5-957d-e8c757976496', '6c80a684-1cb5-41af-ff34-60b3ebf808a9', 'SolomonBarela3@example.com', 'Nhân sự', 0, NULL, NULL, NULL, NULL),
('749f165c-16de-4b32-86c0-08fd2f807219', 'MS-0135', 'RosannaMeade Adalberto Rosanna', '4e272fc4-7875-78d6-7d32-6a1673ffca7c', '57cdf8c4-47e3-5560-7e41-c1ec321fe728', 'BentonStevens@example.com', 'Nhân sự', 1, NULL, NULL, NULL, NULL),
('74de5ccc-59ee-1411-a00b-87ae14180c33', 'MS-0136', 'MapleAdcock Adcock', '17120d02-6ab5-3e43-18cb-66948daf6128', '57cdf8c4-47e3-5560-7e41-c1ec321fe728', 'Irvine@example.com', 'Nhân sự', 3, NULL, NULL, NULL, NULL),
('75541709-3f4a-4f20-87c0-08fd2f807219', 'MS-0137', 'AdrienAlger Alger', '469b3ece-744a-45d5-957d-e8c757976496', '6c80a684-1cb5-41af-ff34-60b3ebf808a9', 'Littlejohn856@example.com', 'Nhân sự', 1, NULL, NULL, NULL, NULL),
('765a8849-65a2-2ad9-a220-39c2f00615e8', 'MS-0138', 'Elmer Alcala', '142cb08f-7c31-21fa-8e90-67245e8b283e', '506acf1e-5331-67a9-0d77-d9ebc53aac3d', 'Mansfield@example.com', 'Nhân sự', 0, NULL, NULL, NULL, NULL),
('7679ed67-7f03-71df-61be-406293204378', 'MS-0139', 'Micheal Mcqueen', '142cb08f-7c31-21fa-8e90-67245e8b283e', '57cdf8c4-47e3-5560-7e41-c1ec321fe728', 'Ardella.Dugger@example.com', 'Nhân sự', 3, NULL, NULL, NULL, NULL),
('768816a8-415c-1cf2-7e09-bf1378b8dc91', 'MS-0140', 'Elwood Akers', '142cb08f-7c31-21fa-8e90-67245e8b283e', '6c80a684-1cb5-41af-ff34-60b3ebf808a9', 'zxvgfaen8175@example.com', 'Nhân sự', 1, NULL, NULL, NULL, NULL),
('777df041-51a7-37b6-7509-bf1378b8dc91', 'MS-0141', 'Jamal Jamal Leslie', '469b3ece-744a-45d5-957d-e8c757976496', '506acf1e-5331-67a9-0d77-d9ebc53aac3d', 'AdalbertoLRuiz@example.com', 'Nhân sự', 2, NULL, NULL, NULL, NULL),
('780d4a88-7745-3862-0184-196123975cb2', 'MS-0142', 'Leandro Leandro Paris', '469b3ece-744a-45d5-957d-e8c757976496', '506acf1e-5331-67a9-0d77-d9ebc53aac3d', 'TedAguilar139@example.com', 'Nhân sự', 2, NULL, NULL, NULL, NULL),
('782665f6-489e-1247-1bcf-9712082ff6cb', 'MS-0143', 'BarbraKlein Klein', '17120d02-6ab5-3e43-18cb-66948daf6128', '506acf1e-5331-67a9-0d77-d9ebc53aac3d', 'Dehart48@nowhere.com', 'Nhân sự', 2, NULL, NULL, NULL, NULL),
('79da9aa9-7677-3219-91d5-ba100c6f7bce', 'MS-0144', 'ThaoColby Marty Thao', '17120d02-6ab5-3e43-18cb-66948daf6128', '506acf1e-5331-67a9-0d77-d9ebc53aac3d', 'Edge76@example.com', 'Nhân sự', 3, NULL, NULL, NULL, NULL),
('7ab54386-59c1-7a58-a70b-87ae14180c33', 'MS-0145', 'Hector Abrams', '4e272fc4-7875-78d6-7d32-6a1673ffca7c', '57cdf8c4-47e3-5560-7e41-c1ec321fe728', 'tcmjjcdi3677@nowhere.com', 'Nhân sự', 0, NULL, NULL, NULL, NULL),
('7afbde73-7267-7c6b-a720-39c2f00615e8', 'MS-0146', 'Alfredo Alfredo Theola', '142cb08f-7c31-21fa-8e90-67245e8b283e', '57cdf8c4-47e3-5560-7e41-c1ec321fe728', 'Darling381@example.com', 'Nhân sự', 1, NULL, NULL, NULL, NULL),
('7b353b36-3996-4309-4e29-a2925c0f334d', 'MS-0147', 'Thaddeus Varney', '469b3ece-744a-45d5-957d-e8c757976496', '6c80a684-1cb5-41af-ff34-60b3ebf808a9', 'Patton@example.com', 'Nhân sự', 2, NULL, NULL, NULL, NULL),
('7c4dc2a5-f9d8-47c4-8d7b-021baa5c4fc2', 'MS-0151', 'Trịnh Văn Đạt', '142cb08f-7c31-21fa-8e90-67245e8b283e', '506acf1e-5331-67a9-0d77-d9ebc53aac3d', 'abcd@gmail.com', 'Nhân sự ', 1, 'dmviet', '2022-11-13 12:34:48', 'dmviet', '2022-11-13 12:34:48'),
('7c94355d-4702-3a9b-5abe-406293204378', 'MS-0148', 'MargheritaAlcorn Alcorn', '4e272fc4-7875-78d6-7d32-6a1673ffca7c', '506acf1e-5331-67a9-0d77-d9ebc53aac3d', 'oxfz2718@nowhere.com', 'Nhân sự', 0, NULL, NULL, NULL, NULL),
('7cd8b4b6-438c-5547-92d5-ba100c6f7bce', 'MS-0149', 'FernandeByers Abram Fernande', '142cb08f-7c31-21fa-8e90-67245e8b283e', '506acf1e-5331-67a9-0d77-d9ebc53aac3d', 'RockyBillingsley@example.com', 'Nhân sự', 3, NULL, NULL, NULL, NULL),
('7dbd90f6-6015-12c6-4b29-a2925c0f334d', 'MS-0150', 'Abram Abram Elenora', '469b3ece-744a-45d5-957d-e8c757976496', '506acf1e-5331-67a9-0d77-d9ebc53aac3d', 'Sims4@example.com', 'Nhân sự', 3, NULL, NULL, NULL, NULL),
('fbe03337-933d-4dff-8b7f-ac4a6225462e', 'MS-0155', 'Dương Minh Việt', '142cb08f-7c31-21fa-8e90-67245e8b283e', '506acf1e-5331-67a9-0d77-d9ebc53aac3d', 'abcd@gmail.com', 'Nhân sự ,Nhân viên,Quản trị hệ thống ', 0, 'dmviet', '2022-11-14 22:47:57', 'dmviet', '2022-11-14 22:47:57');

-- 
-- Dumping data for table role
--
INSERT INTO role VALUES
('34bd2cef-5026-567c-3b71-153b37881afe', 'Quản trị hệ thống ', NULL, NULL, NULL, NULL),
('64a59a25-2488-54b0-f6b4-c8af08a50cbf', 'Nhân sự ', NULL, NULL, NULL, NULL),
('674934cc-42cf-20cf-1d4a-aea48a10ed18', 'Nhân viên', NULL, NULL, NULL, NULL);

-- 
-- Dumping data for table userrole
--
INSERT INTO userrole VALUES
('26cd0bfe-92dd-4308-9a8c-70b8b5450e28', '34bd2cef-5026-567c-3b71-153b37881afe', 'dmviet', '2022-11-14 04:22:18', 'dmviet', '2022-11-14 04:22:18'),
('26cd0bfe-92dd-4308-9a8c-70b8b5450e28', '64a59a25-2488-54b0-f6b4-c8af08a50cbf', 'dmviet', '2022-11-14 02:32:17', 'dmviet', '2022-11-14 02:32:17'),
('5a92c674-8a7c-465f-9892-900ca8fc5cd8', '34bd2cef-5026-567c-3b71-153b37881afe', 'dmviet', '2022-11-13 12:41:22', 'dmviet', '2022-11-13 12:41:22'),
('6fece1aa-f951-4938-ae46-707d3de989ec', '34bd2cef-5026-567c-3b71-153b37881afe', 'dmviet', '2022-11-14 02:06:57', 'dmviet', '2022-11-14 02:06:57'),
('7c4dc2a5-f9d8-47c4-8d7b-021baa5c4fc2', '64a59a25-2488-54b0-f6b4-c8af08a50cbf', 'dmviet', '2022-11-13 12:34:48', 'dmviet', '2022-11-13 12:34:48'),
('fbe03337-933d-4dff-8b7f-ac4a6225462e', '34bd2cef-5026-567c-3b71-153b37881afe', 'dmviet', '2022-11-14 22:47:57', 'dmviet', '2022-11-14 22:47:57'),
('fbe03337-933d-4dff-8b7f-ac4a6225462e', '64a59a25-2488-54b0-f6b4-c8af08a50cbf', 'dmviet', '2022-11-14 22:47:57', 'dmviet', '2022-11-14 22:47:57'),
('fbe03337-933d-4dff-8b7f-ac4a6225462e', '674934cc-42cf-20cf-1d4a-aea48a10ed18', 'dmviet', '2022-11-14 22:47:57', 'dmviet', '2022-11-14 22:47:57');

-- 
-- Restore previous SQL mode
-- 
/*!40101 SET SQL_MODE=@OLD_SQL_MODE */;

-- 
-- Enable foreign keys
-- 
/*!40014 SET FOREIGN_KEY_CHECKS = @OLD_FOREIGN_KEY_CHECKS */;